{"cameraMode":{"drawMode":0,"name":"Shaded","section":"Shading Mode"},"sceneLighting":true,"audioPlay":false,"sceneViewState":{"showFog":true,"showMaterialUpdate":false,"showSkybox":true,"showFlares":true,"showImageEffects":true,"showParticleSystems":true},"in2DMode":false,"pivot":{"x":-6.423257350921631,"y":-7.051192283630371,"z":19.969444274902345},"rotation":{"x":0.15959610044956208,"y":-0.19406884908676148,"z":0.032015591859817508,"w":0.9673889875411987},"size":28.525318145751954,"orthographic":false}